-- DEV ONLY: sample payment data for development and demo purposes.
-- Uses seeded users from V1 and payment descriptions from V3.
-- submitter user id : 00000000-0000-0000-0000-000000000002
-- readonly  user id : 00000000-0000-0000-0000-000000000003
-- admin     user id : 00000000-0000-0000-0000-000000000001
-- NOTE: uses H2-native DATEADD for date arithmetic (dev/H2 only).
-- payment_method uses 'C' (circular cheque) to avoid CHAR(1) space trimming in H2.

-- ─── ACCEPTED payment requests ───────────────────────────────────────────────

INSERT INTO payment_requests (id, member_rnr, destination_mutuality, constant_id, sequence_no, amount_cents, currency, payment_desc_code, iban, payment_method, accounting_type, submitted_by, submitted_at, status) VALUES
('a0000000-0000-0000-0000-000000000001', 12345678, 101, 'CST-001', '0001', 15000, 'E', 3,  'BE68539007547034', 'C', 1, '00000000-0000-0000-0000-000000000002', DATEADD('DAY',  -5, CURRENT_TIMESTAMP), 'ACCEPTED'),
('a0000000-0000-0000-0000-000000000002', 23456789, 106, 'CST-002', '0001', 42000, 'E', 2,  'BE71096900003993', 'C', 1, '00000000-0000-0000-0000-000000000002', DATEADD('DAY',  -4, CURRENT_TIMESTAMP), 'ACCEPTED'),
('a0000000-0000-0000-0000-000000000003', 34567890, 101, 'CST-003', '0001',  8500, 'E', 8,  'BE83201537435283', 'C', 3, '00000000-0000-0000-0000-000000000002', DATEADD('DAY',  -3, CURRENT_TIMESTAMP), 'ACCEPTED'),
('a0000000-0000-0000-0000-000000000004', 45678901, 106, 'CST-004', '0001', 73200, 'E', 11, 'BE45632015623455', 'C', 1, '00000000-0000-0000-0000-000000000002', DATEADD('DAY',  -2, CURRENT_TIMESTAMP), 'ACCEPTED'),
('a0000000-0000-0000-0000-000000000005', 56789012, 101, 'CST-005', '0001', 12500, 'E', 4,  'BE15001881782188', 'C', 4, '00000000-0000-0000-0000-000000000002', DATEADD('DAY',  -1, CURRENT_TIMESTAMP), 'ACCEPTED'),
('a0000000-0000-0000-0000-000000000006', 67890123, 106, 'CST-006', '0001', 99900, 'E', 17, 'BE62510007547061', 'C', 1, '00000000-0000-0000-0000-000000000002', DATEADD('HOUR', -12, CURRENT_TIMESTAMP), 'ACCEPTED'),
('a0000000-0000-0000-0000-000000000007', 78901234, 101, 'CST-007', '0001', 25000, 'E', 1,  'BE68539007547034', 'C', 5, '00000000-0000-0000-0000-000000000002', DATEADD('HOUR',  -6, CURRENT_TIMESTAMP), 'ACCEPTED'),
('a0000000-0000-0000-0000-000000000008', 89012345, 106, 'CST-008', '0001', 31500, 'E', 7,  'BE71096900003993', 'C', 1, '00000000-0000-0000-0000-000000000002', DATEADD('HOUR',  -2, CURRENT_TIMESTAMP), 'ACCEPTED'),

-- ─── REJECTED payment requests ────────────────────────────────────────────────
('cc000000-0000-0000-0000-000000000001', 99999999, 101, 'CST-REJ1', '0001', 10000, 'E', 3,  'BE68539007547034', 'C', 1, '00000000-0000-0000-0000-000000000002', DATEADD('DAY',  -4, CURRENT_TIMESTAMP), 'REJECTED'),
('cc000000-0000-0000-0000-000000000002', 88888888, 106, 'CST-REJ2', '0001', 50000, 'E', 2,  'BE71096900003993', 'C', 1, '00000000-0000-0000-0000-000000000002', DATEADD('DAY',  -3, CURRENT_TIMESTAMP), 'REJECTED'),
('cc000000-0000-0000-0000-000000000003', 12345678, 101, 'CST-001',  '0001', 15000, 'E', 3,  'BE68539007547034', 'C', 1, '00000000-0000-0000-0000-000000000002', DATEADD('DAY',  -2, CURRENT_TIMESTAMP), 'REJECTED'),

-- ─── Payment requests for discrepancy demo ────────────────────────────────────
('d0000000-0000-0000-0000-000000000001', 12345678, 101, 'CST-D01',  '0001', 20000, 'E', 1,  'BE15001881782188', 'C', 1, '00000000-0000-0000-0000-000000000002', DATEADD('DAY',  -3, CURRENT_TIMESTAMP), 'ACCEPTED'),
('d0000000-0000-0000-0000-000000000002', 23456789, 106, 'CST-D02',  '0001', 45000, 'E', 8,  'BE62510007547061', 'C', 3, '00000000-0000-0000-0000-000000000002', DATEADD('DAY',  -1, CURRENT_TIMESTAMP), 'ACCEPTED');

-- ─── Payment records (accepted payments) ─────────────────────────────────────

INSERT INTO payment_records (id, payment_request_id, member_name, member_rnr, amount_cents, iban, bic, bank_routing, regional_tag, accounting_type, destination_mutuality, payment_desc_nl, payment_desc_fr, created_at) VALUES
('b0000000-0000-0000-0000-000000000001', 'a0000000-0000-0000-0000-000000000001', 'Janssen Jan',       12345678, 15000, 'BE68539007547034', 'KREDBEBB', 'KBC',     1, 1, 101, 'Geneeskundige kosten',   'Frais medicaux',            DATEADD('DAY',  -5, CURRENT_TIMESTAMP)),
('b0000000-0000-0000-0000-000000000002', 'a0000000-0000-0000-0000-000000000002', 'Peeters Marie',     23456789, 42000, 'BE71096900003993', 'GEBABEBB', 'BELFIUS', 2, 1, 106, 'Hospitalisatiekosten',   'Frais hospitalisation',     DATEADD('DAY',  -4, CURRENT_TIMESTAMP)),
('b0000000-0000-0000-0000-000000000003', 'a0000000-0000-0000-0000-000000000003', 'De Smedt Luc',      34567890,  8500, 'BE83201537435283', 'KREDBEBB', 'KBC',     1, 3, 101, 'Geneesmiddelen',         'Medicaments',               DATEADD('DAY',  -3, CURRENT_TIMESTAMP)),
('b0000000-0000-0000-0000-000000000004', 'a0000000-0000-0000-0000-000000000004', 'Willems Sophie',    45678901, 73200, 'BE45632015623455', 'GEBABEBB', 'BELFIUS', 2, 1, 106, 'Kinesitherapie',         'Kinesitherapie',            DATEADD('DAY',  -2, CURRENT_TIMESTAMP)),
('b0000000-0000-0000-0000-000000000005', 'a0000000-0000-0000-0000-000000000005', 'Claes Dirk',        56789012, 12500, 'BE15001881782188', 'KREDBEBB', 'KBC',     1, 4, 101, 'Tandheelkundige kosten', 'Frais dentaires',           DATEADD('DAY',  -1, CURRENT_TIMESTAMP)),
('b0000000-0000-0000-0000-000000000006', 'a0000000-0000-0000-0000-000000000006', 'Maes Caroline',     67890123, 99900, 'BE62510007547061', 'GEBABEBB', 'BELFIUS', 2, 1, 106, 'Transport zieke',        'Transport du malade',       DATEADD('HOUR', -12, CURRENT_TIMESTAMP)),
('b0000000-0000-0000-0000-000000000007', 'a0000000-0000-0000-0000-000000000007', 'Vermeersch Pieter', 78901234, 25000, 'BE68539007547034', 'KREDBEBB', 'KBC',     1, 5, 101, 'Bijdrage terugbetaling', 'Remboursement cotisation',  DATEADD('HOUR',  -6, CURRENT_TIMESTAMP)),
('b0000000-0000-0000-0000-000000000008', 'a0000000-0000-0000-0000-000000000008', 'Dubois Claire',     89012345, 31500, 'BE71096900003993', 'GEBABEBB', 'BELFIUS', 2, 1, 106, 'Paramedische kosten',    'Frais paramedicaux',        DATEADD('HOUR',  -2, CURRENT_TIMESTAMP)),
('b0000000-0000-0000-0000-000000000009', 'd0000000-0000-0000-0000-000000000001', 'Janssen Jan',       12345678, 20000, 'BE15001881782188', 'KREDBEBB', 'KBC',     1, 1, 101, 'Bijdrage terugbetaling', 'Remboursement cotisation',  DATEADD('DAY',  -3, CURRENT_TIMESTAMP)),
('b0000000-0000-0000-0000-000000000010', 'd0000000-0000-0000-0000-000000000002', 'Peeters Marie',     23456789, 45000, 'BE62510007547061', 'GEBABEBB', 'BELFIUS', 2, 3, 106, 'Geneesmiddelen',         'Medicaments',               DATEADD('DAY',  -1, CURRENT_TIMESTAMP));

-- ─── Rejection records ────────────────────────────────────────────────────────

INSERT INTO rejection_records (id, payment_request_id, diagnostic_nl, diagnostic_fr, created_at) VALUES
('e0000000-0000-0000-0000-000000000001', 'cc000000-0000-0000-0000-000000000001', 'LIDNR ONBEKEND',  'AFFILIE INCONNU',  DATEADD('DAY', -4, CURRENT_TIMESTAMP)),
('e0000000-0000-0000-0000-000000000002', 'cc000000-0000-0000-0000-000000000002', 'IBAN FOUTIEF',    'IBAN ERRONE',      DATEADD('DAY', -3, CURRENT_TIMESTAMP)),
('e0000000-0000-0000-0000-000000000003', 'cc000000-0000-0000-0000-000000000003', 'DUBBELE BETALING','DOUBLE PAIEMENT',  DATEADD('DAY', -2, CURRENT_TIMESTAMP));

-- ─── Bank account discrepancies ───────────────────────────────────────────────

INSERT INTO bank_account_discrepancies (id, payment_request_id, provided_iban, known_iban, created_at) VALUES
('f0000000-0000-0000-0000-000000000001', 'd0000000-0000-0000-0000-000000000001', 'BE15001881782188', 'BE68539007547034', DATEADD('DAY', -3, CURRENT_TIMESTAMP)),
('f0000000-0000-0000-0000-000000000002', 'd0000000-0000-0000-0000-000000000002', 'BE62510007547061', 'BE71096900003993', DATEADD('DAY', -1, CURRENT_TIMESTAMP));

